format,case,reachable,ordinary,selected
gettext,reorder,2,2,2
gettext,omit-singular-count,2,2,2
gettext,omit-optional-owner,2,2,2
gettext,branch-specific-args,2,2,2
gettext,japanese-one-form,1,1,1
gettext,russian-three-form,3,2,3
gettext,arabic-six-form,6,2,6
gettext,intended-fallback,2,2,2
gettext,brace-reorder,1,1,1
gettext,extra-unused-arg,2,2,2
gettext,missing-always,2,2,2
gettext,missing-at-100,2,2,2
gettext,type-at-100,2,2,2
gettext,translation-new-key,2,2,2
gettext,arabic-zero-key,6,2,6
gettext,brace-missing,1,1,1
gettext,wrong-dialect,2,2,2
gettext,compiler-empty-plural,2,2,2
gettext,fuzzy-fallback,2,2,2
gettext,percent-char-int,1,1,1
gettext,context-singular,1,1,1
gettext,context-plural,2,2,2
gettext,nested-brace-format,1,1,1
Fluent,branch-omission,2,2,2
Fluent,reorder,0,0,0
Fluent,numeric-explicit,2,1,2
Fluent,string-default,2,0,2
Fluent,message-reference,2,2,2
Fluent,term-default,1,1,1
Fluent,term-explicit,1,1,1
Fluent,arabic-categories,6,2,6
Fluent,missing-at-100,2,1,2
Fluent,reference-missing-at-100,2,1,2
Fluent,missing-supplier-at-100,2,2,2
Fluent,number-type-at-100,2,2,2
