format,case,category,ordinary,branch,call,native_catalog_alarm,selected,runs
gettext,reorder,legitimate,0,0,0,0,2,201
gettext,omit-singular-count,legitimate,0,0,0,0,2,201
gettext,omit-optional-owner,legitimate,0,0,0,0,2,201
gettext,branch-specific-args,legitimate,0,0,0,0,2,201
gettext,japanese-one-form,legitimate,0,0,0,0,1,201
gettext,russian-three-form,legitimate,0,0,0,0,3,201
gettext,arabic-six-form,legitimate,0,0,0,0,6,201
gettext,intended-fallback,legitimate,0,0,0,0,2,201
gettext,brace-reorder,legitimate,0,0,0,0,1,201
gettext,extra-unused-arg,legitimate,0,0,0,0,2,201
gettext,missing-always,mutation,1,1,1,0,2,201
gettext,missing-at-100,mutation,0,0,1,0,3,201
gettext,type-at-100,mutation,0,0,1,0,3,201
gettext,translation-new-key,mutation,1,1,1,1,2,201
gettext,arabic-zero-key,mutation,0,1,1,1,6,201
gettext,brace-missing,mutation,1,1,1,0,1,201
gettext,wrong-dialect,mutation,1,1,1,0,2,201
gettext,compiler-empty-plural,legitimate,0,0,0,0,2,201
gettext,fuzzy-fallback,legitimate,0,0,0,0,2,201
gettext,dynamic-key,unknown,0,0,0,0,2,201
gettext,dynamic-supplier,unknown,0,0,0,0,2,201
gettext,percent-char-int,legitimate,0,0,0,0,1,201
gettext,context-singular,legitimate,0,0,0,0,1,201
gettext,context-plural,legitimate,0,0,0,0,2,201
gettext,nested-brace-format,legitimate,0,0,0,0,1,201
Fluent,branch-omission,legitimate,0,0,0,0,2,201
Fluent,reorder,legitimate,0,0,0,0,1,2
Fluent,numeric-explicit,legitimate,0,0,0,0,3,201
Fluent,string-default,legitimate,0,0,0,0,3,3
Fluent,message-reference,legitimate,0,0,0,0,2,201
Fluent,term-default,legitimate,0,0,0,0,1,2
Fluent,term-explicit,legitimate,0,0,0,0,1,2
Fluent,arabic-categories,legitimate,0,0,0,0,6,201
Fluent,missing-at-100,mutation,0,1,1,0,3,201
Fluent,reference-missing-at-100,mutation,0,1,1,0,3,201
Fluent,missing-supplier-at-100,mutation,0,0,1,0,3,201
Fluent,number-type-at-100,mutation,0,0,1,0,3,201
Fluent,decimal-exact,runtime-contract-probe,0,1,1,0,3,4
Fluent,formatted-plural,runtime-contract-probe,1,1,1,0,3,4
