study,method,hits,active,proportion,wilson_low,wilson_high
validation,ordinary7,4,52,0.07692307692307693,0.030319345184930124,0.1817356238429534
validation,branch_only,2,52,0.038461538461538464,0.010611711001315298,0.12981189157455764
validation,source_only,38,52,0.7307692307692307,0.5974778016637287,0.8323103970483349
validation,product,52,52,1.0,0.9312077638761376,1.0
validation,equal_budget_even,5,52,0.09615384615384616,0.04177435105257249,0.20609630120131633
confirmation,ordinary7,6,54,0.1111111111111111,0.051930224969995484,0.2219470102118128
confirmation,branch_only,2,54,0.037037037037037035,0.01021636794844559,0.12535176917275476
confirmation,source_only,36,54,0.6666666666666666,0.5336096360112935,0.7775858346250742
confirmation,product,54,54,1.0,0.9335864119091037,1.0000000000000002
confirmation,equal_budget_even,5,54,0.09259259259259259,0.04020113475702944,0.19909882590962688
