key,title,authors,year,doi,canonical_url,verification_source,verification_level,manuscript_role,checked_on
mapping,A systematic mapping study on Localization (l10n) and Internationalization (i18n) testing,Maria Couto and Breno Miranda and Bruno Cartaxo,2026,10.1016/j.infsof.2026.108258,https://doi.org/10.1016/j.infsof.2026.108258,https://www.sciencedirect.com/science/article/pii/S0950584926002478,publisher metadata/indexed abstract; full text inaccessible,Survey boundary; no exhaustive novelty claim,2026-09-30
mappingdata,Replication package for Systematic Mapping Study on Localization (l10n) and Internationalization (i18n) Testing,Maria Couto and Breno Miranda and Bruno Cartaxo,2026,10.6084/m9.figshare.31814083,https://doi.org/10.6084/m9.figshare.31814083,https://doi.org/10.6084/m9.figshare.31814083,author-posted archive metadata,Archival provenance; not an evaluated data set,2026-09-30
santos,Bug! Falha! Bachi! Fallo! D{\'e}faut! {\cjk{程序错误}}! What about Internationalization Testing in the Software Industry?,Ronnie E. S. Santos and J. Rafael Cordeiro and Yvan Labiche and Cleyton V. C. de Magalh{\~a}es and Fabio Q. B. da Silva,2020,10.1145/3382494.3422167,https://doi.org/10.1145/3382494.3422167,https://doi.org/10.1145/3382494.3422167,publisher record and abstract,Industrial internationalization-testing context,2026-09-30
training,An industrial experience report on the challenges in training localization and internationalization testers,Maria Couto and Breno Miranda,2023,10.1145/3624032.3624045,https://doi.org/10.1145/3624032.3624045,https://doi.org/10.1145/3624032.3624045,publisher record and abstract,Practitioner training context,2026-09-30
tang,App review driven collaborative bug finding,Xunzhu Tang and Haoye Tian and Pingfan Kong and Saad Ezzini and Kui Liu and Xin Xia and Jacques Klein and Tegawend{\'e} F. Bissyand{\'e},2024,10.1007/s10664-024-10489-x,https://doi.org/10.1007/s10664-024-10489-x,https://link.springer.com/article/10.1007/s10664-024-10489-x,"publisher full article, method and abstract read","Reports, reproduction, and maintainer confirmation are distinct",2026-09-30
oracle,The Oracle Problem in Software Testing: A Survey,Earl T. Barr and Mark Harman and Phil McMinn and Muzammil Shahbaz and Shin Yoo,2015,10.1109/TSE.2014.2372785,https://doi.org/10.1109/TSE.2014.2372785,https://doi.org/10.1109/TSE.2014.2372785,publisher/author article and metadata,Input generation is not an oracle,2026-09-30
pythongettext,gettext---Multilingual internationalization services,{Python Software Foundation},,,https://docs.python.org/3.13/library/gettext.html,https://docs.python.org/3.13/library/gettext.html,official documentation or versioned upstream source inspected,"Supports the format, integration, baseline configuration or source provenance described in the manuscript",2026-09-30
babelcatalog,Messages and Catalogs,{The Babel Team},,,https://babel.pocoo.org/en/latest/api/messages/catalog.html,https://babel.pocoo.org/en/latest/api/messages/catalog.html,official documentation or versioned upstream source inspected,"Supports the format, integration, baseline configuration or source provenance described in the manuscript",2026-09-30
babelextract,Working with Message Catalogs,{The Babel Team},,,https://babel.pocoo.org/en/latest/messages.html,https://babel.pocoo.org/en/latest/messages.html,official documentation or versioned upstream source inspected,"Supports the format, integration, baseline configuration or source provenance described in the manuscript",2026-09-30
weblatechecks,Checks and fixups,{Weblate contributors},,,https://docs.weblate.org/en/latest/user/checks.html,https://docs.weblate.org/en/latest/user/checks.html,official documentation or versioned upstream source inspected,"Supports the format, integration, baseline configuration or source provenance described in the manuscript",2026-09-30
weblatereport,Incorrect Placeholder Check for Plural Forms in Weblate,{Weblate issue tracker},2024,,https://github.com/WeblateOrg/weblate/issues/13016,https://github.com/WeblateOrg/weblate/issues/13016,"public primary issue/discussion inspected; context only, not an evaluated defect","Supports the format, integration, baseline configuration or source provenance described in the manuscript",2026-09-30
organic,Weblate for localizing app UI string resources,{Organic Maps community},2023,,https://github.com/orgs/organicmaps/discussions/4515,https://github.com/orgs/organicmaps/discussions/4515,"public primary issue/discussion inspected; context only, not an evaluated defect","Supports the format, integration, baseline configuration or source provenance described in the manuscript",2026-09-30
fluentselectors,Selectors,{Project Fluent},,,https://projectfluent.org/fluent/guide/selectors.html,https://projectfluent.org/fluent/guide/selectors.html,official documentation or versioned upstream source inspected,"Supports the format, integration, baseline configuration or source provenance described in the manuscript",2026-09-30
fluentterms,Terms,{Project Fluent},,,https://projectfluent.org/fluent/guide/terms.html,https://projectfluent.org/fluent/guide/terms.html,official documentation or versioned upstream source inspected,"Supports the format, integration, baseline configuration or source provenance described in the manuscript",2026-09-30
fluenterrors,Error Handling,{Project Fluent},,,https://github.com/projectfluent/fluent/wiki/Error-Handling,https://github.com/projectfluent/fluent/wiki/Error-Handling,official documentation or versioned upstream source inspected,"Supports the format, integration, baseline configuration or source provenance described in the manuscript",2026-09-30
fluentruntime,python-fluent: Python implementations of Project Fluent,{Project Fluent contributors},,,https://github.com/projectfluent/python-fluent/tree/e95b07ea07966dec064d09398a265222742bcfa2,https://github.com/projectfluent/python-fluent/tree/e95b07ea07966dec064d09398a265222742bcfa2,official documentation or versioned upstream source inspected,"Supports the format, integration, baseline configuration or source provenance described in the manuscript",2026-09-30
fluentusage,Using fluent.runtime,{Project Fluent contributors},,,https://github.com/projectfluent/python-fluent/blob/e95b07ea07966dec064d09398a265222742bcfa2/fluent.runtime/docs/usage.rst,https://github.com/projectfluent/python-fluent/blob/e95b07ea07966dec064d09398a265222742bcfa2/fluent.runtime/docs/usage.rst,official documentation or versioned upstream source inspected,"Supports the format, integration, baseline configuration or source provenance described in the manuscript",2026-09-30
sphinxissue,"Strings should be in plural forms, but are not treated as such",{Sphinx issue tracker},2020,,https://github.com/sphinx-doc/sphinx/issues/7282,https://github.com/sphinx-doc/sphinx/issues/7282,official documentation or versioned upstream source inspected,"Supports the format, integration, baseline configuration or source provenance described in the manuscript",2026-09-30
sphinxfix,Fix \#7282: i18n: messages using ngettext() does not translated,{Sphinx developers},2020,,https://github.com/sphinx-doc/sphinx/commit/6682f89871b8df9bb4d85cab5b8f35c9396c9afb,https://github.com/sphinx-doc/sphinx/commit/6682f89871b8df9bb4d85cab5b8f35c9396c9afb,official documentation or versioned upstream source inspected,"Supports the format, integration, baseline configuration or source provenance described in the manuscript",2026-09-30
sphinxconfig,Message extraction configuration and application source,{Sphinx developers},2020,,https://github.com/sphinx-doc/sphinx/tree/5c0d0438c4b1f4e2277fd5d79fcd06e80bb65f20,https://github.com/sphinx-doc/sphinx/tree/5c0d0438c4b1f4e2277fd5d79fcd06e80bb65f20,official documentation or versioned upstream source inspected,"Supports the format, integration, baseline configuration or source provenance described in the manuscript",2026-09-30
jupyter,Jupyter Server,{Project Jupyter contributors},,,https://github.com/jupyter-server/jupyter_server,https://github.com/jupyter-server/jupyter_server,official documentation or versioned upstream source inspected,"Supports the format, integration, baseline configuration or source provenance described in the manuscript",2026-09-30
wang2009,Locating Need-to-Translate Constant Strings for Software Internationalization,Xiaoyin Wang and Lu Zhang and Tao Xie and Hong Mei and Jiasu Sun,2009,10.1109/ICSE.2009.5070535,https://doi.org/10.1109/ICSE.2009.5070535,https://taoxie.cs.illinois.edu/publications/icse09-inter.pdf,publisher metadata and author paper/abstract,Static extraction of need-to-translate strings,2026-09-30
wang2010,Locating Need-to-Translate Constant Strings in Web Applications,Xiaoyin Wang and Lu Zhang and Tao Xie and Hong Mei and Jiasu Sun,2010,10.1145/1882291.1882306,https://doi.org/10.1145/1882291.1882306,https://dl.acm.org/doi/10.1145/1882291.1882306,publisher metadata and author project description,Web string extraction,2026-09-30
wang2013,Locating Need-to-Externalize Constant Strings for Software Internationalization with Generalized String-Taint Analysis,Xiaoyin Wang and Lu Zhang and Tao Xie and Hong Mei and Jiasu Sun,2013,10.1109/TSE.2012.40,https://doi.org/10.1109/TSE.2012.40,https://experts.illinois.edu/en/publications/locating-need-to-externalize-constant-strings-for-software-intern/,author-institution publication record and abstract,"Generalized string-taint lineage, not three independent methods",2026-09-30
gwali,Detecting and Localizing Internationalization Presentation Failures in Web Applications,Abdulmajeed Alameer and Sonal Mahajan and William G. J. Halfond,2016,10.1109/ICST.2016.36,https://doi.org/10.1109/ICST.2016.36,https://ieeexplore.ieee.org/document/7515472/,IEEE metadata and author publication description,"Presentation geometry, not supplied argument contracts",2026-09-30
ifix2018,Automated Repair of Internationalization Presentation Failures in Web Pages Using Style Similarity Clustering and Search-Based Techniques,Sonal Mahajan and Abdulmajeed Alameer and Phil McMinn and William G. J. Halfond,2018,10.1109/ICST.2018.00030,https://doi.org/10.1109/ICST.2018.00030,https://ieeexplore.ieee.org/document/8367050/,IEEE metadata and author publication description,Presentation repair,2026-09-30
ifix2021,Effective automated repair of internationalization presentation failures in web applications using style similarity clustering and search-based techniques,Sonal Mahajan and Abdulmajeed Alameer and Phil McMinn and William G. J. Halfond,2021,10.1002/stvr.1746,https://doi.org/10.1002/stvr.1746,https://faculty.ksu.edu.sa/en/abalameer/publication/355047,publisher and author-institution metadata/abstract,Extended presentation repair; not independent replication,2026-09-30
i18nfield,An Empirical Study of Internationalization Failures in the Web,Abdulmajeed Alameer and William G. J. Halfond,2016,10.1109/ICSME.2016.55,https://doi.org/10.1109/ICSME.2016.55,https://ieeexplore.ieee.org/document/7816457/,IEEE metadata/abstract and official accepted-paper list,Web failure context; no prevalence transferred to this study,2026-09-30
tstring,{TString}: a tool to locate the target string's screen based on automatic exploration,Lais Felipe and Breno Miranda and Maria Couto,2024,,https://sol.sbc.org.br/index.php/sast/article/view/30217,https://sol.sbc.org.br/index.php/sast/article/view/30217,"publisher-indexed title, authors and abstract; page/PDF retrieval failed",Screen-location tooling; no unverified numerical claims,2026-09-30
trainer,{l10n-trainer}: a Tool to Assist in the Training of Localization (l10n) and Internationalization (i18n) Testers,Maria Couto and Breno Miranda,2023,10.1145/3613372.3613420,https://doi.org/10.1145/3613372.3613420,https://raquelcouto.github.io/L10N-TRAINER/,ACM metadata and authors project description,Tester training rather than runtime-contract checking,2026-09-30
trainer2025,A Tool-Assisted Training Approach for Empowering Localization and Internationalization Testing Proficiency,Maria Couto and Breno Miranda and Kiev Gama,2025,10.1109/ICST62969.2025.10988966,https://doi.org/10.1109/ICST62969.2025.10988966,https://ieeexplore.ieee.org/document/10988966/,IEEE metadata/abstract and official proceedings TOC,Tool-assisted training; no performance comparison claimed,2026-09-30
regsurvey,"Regression testing minimization, selection and prioritization: a survey",Shin Yoo and Mark Harman,2012,10.1002/stvr.430,https://doi.org/10.1002/stvr.430,https://onlinelibrary.wiley.com/doi/10.1002/stvr.430,publisher metadata/abstract and institutional issue record,Selection versus prioritization/minimization; issue year 2012,2026-09-30
fast,{FAST} Approaches to Scalable Similarity-Based Test Case Prioritization,Breno Miranda and Emilio Cruciani and Roberto Verdecchia and Antonia Bertolino,2018,10.1145/3180155.3180210,https://doi.org/10.1145/3180155.3180210,https://conf.researchr.org/details/icse-2018/icse-2018-Technical-Papers/84/FAST-Approaches-to-Scalable-Similarity-based-Test-Case-Prioritization,ACM metadata and official ICSE abstract,"Existing-suite prioritization, not generating call/locale intersections",2026-09-30
fastR,Scalable Approaches for Test Suite Reduction,Emilio Cruciani and Breno Miranda and Roberto Verdecchia and Antonia Bertolino,2019,10.1109/ICSE.2019.00055,https://doi.org/10.1109/ICSE.2019.00055,https://robertoverdecchia.github.io/papers/ICSE_2019.pdf,author full PDF read and rendered pages inspected,Existing-suite reduction and charged preprocessing cost,2026-09-30
caseguide,Guidelines for conducting and reporting case study research in software engineering,"Per Runeson and Martin H{""o}st",2009,10.1007/s10664-008-9102-8,https://doi.org/10.1007/s10664-008-9102-8,https://link.springer.com/article/10.1007/s10664-008-9102-8,publisher article/abstract,"Context, unit of analysis and analytic generalization",2026-09-30
coveragepaper,Coverage is not strongly correlated with test suite effectiveness,Laura Inozemtseva and Reid Holmes,2014,10.1145/2568225.2568271,https://doi.org/10.1145/2568225.2568271,https://dl.acm.org/doi/10.1145/2568225.2568271,ACM metadata and abstract,Coverage and fault detection are different claims,2026-09-30
mutantsreal,Are mutants a valid substitute for real faults in software testing?,Ren{'e} Just and Darioush Jalali and Laura Inozemtseva and Michael D. Ernst and Reid Holmes and Gordon Fraser,2014,10.1145/2635868.2635929,https://doi.org/10.1145/2635868.2635929,https://homes.cs.washington.edu/~rjust/publ/mutants_real_faults_fse_2014.pdf,ACM record and author paper/abstract,"Mutation-to-real-fault validity is empirical, not automatic",2026-09-30
mutation,An Analysis and Survey of the Development of Mutation Testing,Yue Jia and Mark Harman,2011,10.1109/TSE.2010.62,https://doi.org/10.1109/TSE.2010.62,https://ieeexplore.ieee.org/document/5487526/,IEEE metadata and abstract,Sensitivity interpretation,2026-09-30
defects4j,{Defects4J}: a database of existing faults to enable controlled testing studies for {Java} programs,Ren{'e} Just and Darioush Jalali and Michael D. Ernst,2014,10.1145/2610384.2628055,https://doi.org/10.1145/2610384.2628055,https://homes.cs.washington.edu/~mernst/pubs/bug-database-issta2014-abstract.html,author-hosted bibliographic record and abstract,Historical version/repair pairing only; not a reused benchmark,2026-09-30
partitionclassic,Partition Testing Does Not Inspire Confidence,Dick Hamlet and Ross Taylor,1990,,https://www.site.uottawa.ca/~gvj/papers/Software%20Engineering%20IEEE%20Transactions%20on%201990%20Hamlet.pdf,https://www.site.uottawa.ca/~gvj/papers/Software%20Engineering%20IEEE%20Transactions%20on%201990%20Hamlet.pdf,full paper text read; first-page screenshot inspected,Predicate homogeneity does not imply failure homogeneity,2026-09-30
quickcheck,{QuickCheck}: a lightweight tool for random testing of {Haskell} programs,Koen Claessen and John Hughes,2000,10.1145/351240.351266,https://doi.org/10.1145/351240.351266,https://dl.acm.org/doi/10.1145/351240.351266,ACM bibliographic record and abstract,Property-based generation context; not an executed baseline,2026-09-30
hypothesis,{Hypothesis}: A new approach to property-based testing,David R. MacIver and Zac Hatfield-Dodds and {many other contributors},2019,10.21105/joss.01891,https://doi.org/10.21105/joss.01891,https://joss.theoj.org/papers/10.21105/joss.01891.pdf,full JOSS paper read and rendered first page inspected,Property-based Python testing; not an executed baseline,2026-09-30
metamorphic,A Survey on Metamorphic Testing,Sergio Segura and Gordon Fraser and Ana B. S{'a}nchez and Antonio Ruiz-Cort{'e}s,2016,10.1109/TSE.2016.2532875,https://doi.org/10.1109/TSE.2016.2532875,https://eprints.whiterose.ac.uk/id/eprint/110335/,author-institution record and abstract,Relations can support oracles but do not establish linguistic correctness,2026-09-30
delta,Simplifying and isolating failure-inducing input,Andreas Zeller and Ralf Hildebrandt,2002,10.1109/32.988498,https://doi.org/10.1109/32.988498,https://ieeexplore.ieee.org/document/988498/,IEEE/ACM metadata and abstract,Selected small witness is not a delta-debugged minimum,2026-09-30
babelpo,{PO} File Support,{The Babel Team},2026,,https://babel.pocoo.org/en/latest/api/messages/pofile.html,https://babel.pocoo.org/en/latest/api/messages/pofile.html,official documentation or versioned upstream source inspected,"Supports the format, integration, baseline configuration or source provenance described in the manuscript",2026-09-30
msgfmt,msgfmt(1): compile message catalog to binary format,{GNU gettext authors},2026,,https://man7.org/linux/man-pages/man1/msgfmt.1.html,https://man7.org/linux/man-pages/man1/msgfmt.1.html,official documentation or versioned upstream source inspected,"Supports the format, integration, baseline configuration or source provenance described in the manuscript",2026-09-30
pythonpercent,Printf-style String Formatting,{Python Software Foundation},2026,,https://docs.python.org/3.13/library/stdtypes.html#printf-style-string-formatting,https://docs.python.org/3.13/library/stdtypes.html#printf-style-string-formatting,official documentation or versioned upstream source inspected,"Supports the format, integration, baseline configuration or source provenance described in the manuscript",2026-09-30
pythonformat,Format String Syntax,{Python Software Foundation},2026,,https://docs.python.org/3.13/library/string.html#format-string-syntax,https://docs.python.org/3.13/library/string.html#format-string-syntax,official documentation or versioned upstream source inspected,"Supports the format, integration, baseline configuration or source provenance described in the manuscript",2026-09-30
pythonast,ast: Abstract Syntax Trees,{Python Software Foundation},2026,,https://docs.python.org/3.13/library/ast.html,https://docs.python.org/3.13/library/ast.html,official documentation or versioned upstream source inspected,"Supports the format, integration, baseline configuration or source provenance described in the manuscript",2026-09-30
pythonprofile,sys.setprofile,{Python Software Foundation},2026,,https://docs.python.org/3.13/library/sys.html#sys.setprofile,https://docs.python.org/3.13/library/sys.html#sys.setprofile,official documentation or versioned upstream source inspected,"Supports the format, integration, baseline configuration or source provenance described in the manuscript",2026-09-30
cpythonplural,Plural-expression parsing and translation lookup,{Python Software Foundation},2025,,https://github.com/python/cpython/blob/v3.13.5/Lib/gettext.py,https://github.com/python/cpython/blob/v3.13.5/Lib/gettext.py,official documentation or versioned upstream source inspected,"Supports the format, integration, baseline configuration or source provenance described in the manuscript",2026-09-30
babelcheckers,Translation validation routines,{The Babel Team},2026,,https://github.com/python-babel/babel/blob/v2.18.0/babel/messages/checkers.py,https://github.com/python-babel/babel/blob/v2.18.0/babel/messages/checkers.py,official documentation or versioned upstream source inspected,"Supports the format, integration, baseline configuration or source provenance described in the manuscript",2026-09-30
babelplural,Pluralization Support,{The Babel Team},2026,,https://babel.pocoo.org/en/latest/api/plural.html,https://babel.pocoo.org/en/latest/api/plural.html,official documentation or versioned upstream source inspected,"Supports the format, integration, baseline configuration or source provenance described in the manuscript",2026-09-30
jinja,Internationalization Extension,{Pallets},2026,,https://jinja.palletsprojects.com/en/stable/extensions/#i18n-extension,https://jinja.palletsprojects.com/en/stable/extensions/#i18n-extension,official documentation or versioned upstream source inspected,"Supports the format, integration, baseline configuration or source provenance described in the manuscript",2026-09-30
flaskbabel,{Flask-Babel},{Flask-Babel contributors},2026,,https://python-babel.github.io/flask-babel/,https://python-babel.github.io/flask-babel/,official documentation or versioned upstream source inspected,"Supports the format, integration, baseline configuration or source provenance described in the manuscript",2026-09-30
cldr,Language Plural Rules,{Unicode Consortium},2026,,https://unicode.org/reports/tr35/tr35-numbers.html#Language_Plural_Rules,https://unicode.org/reports/tr35/tr35-numbers.html#Language_Plural_Rules,official documentation or versioned upstream source inspected,"Supports the format, integration, baseline configuration or source provenance described in the manuscript",2026-09-30
ecma,Intl.PluralRules Objects,{Ecma International},2026,,https://tc39.es/ecma402/#sec-intl-pluralrules-objects,https://tc39.es/ecma402/#sec-intl-pluralrules-objects,official documentation or versioned upstream source inspected,"Supports the format, integration, baseline configuration or source provenance described in the manuscript",2026-09-30
fluentfunctions,Functions,{Project Fluent},2026,,https://projectfluent.org/fluent/guide/functions.html,https://projectfluent.org/fluent/guide/functions.html,official documentation or versioned upstream source inspected,"Supports the format, integration, baseline configuration or source provenance described in the manuscript",2026-09-30
fluentattributes,Attributes,{Project Fluent},2026,,https://projectfluent.org/fluent/guide/attributes.html,https://projectfluent.org/fluent/guide/attributes.html,official documentation or versioned upstream source inspected,"Supports the format, integration, baseline configuration or source provenance described in the manuscript",2026-09-30
weblatecore,Python percent and brace format checks,{Weblate contributors},2026,,https://github.com/WeblateOrg/weblate/blob/weblate-5.13/weblate/checks/format.py,https://github.com/WeblateOrg/weblate/blob/weblate-5.13/weblate/checks/format.py,official documentation or versioned upstream source inspected,"Supports the format, integration, baseline configuration or source provenance described in the manuscript",2026-09-30
weblateplurals,Plural examples and mappings,{Weblate contributors},2026,,https://github.com/WeblateOrg/weblate/blob/weblate-5.13/weblate/lang/models.py,https://github.com/WeblateOrg/weblate/blob/weblate-5.13/weblate/lang/models.py,official documentation or versioned upstream source inspected,"Supports the format, integration, baseline configuration or source provenance described in the manuscript",2026-09-30
openhangar,Shared plural placeholder repair,{OpenHangar contributors},2026,,https://github.com/e2jk/OpenHangar/commit/930cefba3aa19ace7b440d2efdbd0f341bf35d5c,https://github.com/e2jk/OpenHangar/commit/930cefba3aa19ace7b440d2efdbd0f341bf35d5c,official documentation or versioned upstream source inspected,"Supports the format, integration, baseline configuration or source provenance described in the manuscript",2026-09-30
bedrocksource,Fluent localization boundary,{Mozilla contributors},2026,,https://github.com/mozilla/bedrock/blob/81541a0fccb1211ce284d1ed11866e54094bc5df/lib/l10n_utils/fluent.py,https://github.com/mozilla/bedrock/blob/81541a0fccb1211ce284d1ed11866e54094bc5df/lib/l10n_utils/fluent.py,official documentation or versioned upstream source inspected,"Supports the format, integration, baseline configuration or source provenance described in the manuscript",2026-09-30
bedrocktests,Fluent translation and term-fallback tests,{Mozilla contributors},2026,,https://github.com/mozilla/bedrock/blob/81541a0fccb1211ce284d1ed11866e54094bc5df/lib/l10n_utils/tests/test_fluent.py,https://github.com/mozilla/bedrock/blob/81541a0fccb1211ce284d1ed11866e54094bc5df/lib/l10n_utils/tests/test_fluent.py,official documentation or versioned upstream source inspected,"Supports the format, integration, baseline configuration or source provenance described in the manuscript",2026-09-30
localhero,Add offline check command,{LocalHero.ai contributors},2026,,https://github.com/localheroai/cli/commit/af81321af193458f5869befec4481b8507c2d78d,https://github.com/localheroai/cli/commit/af81321af193458f5869befec4481b8507c2d78d,versioned upstream source and commit inspected; dependency-free placeholder component compiled and executed,Current offline catalog baseline and documented plural-omission/placeholder policy,2026-10-03
xrpl,Drop redundant format on ngettext,{xrpldashboard contributors},2026,,https://github.com/Enkryptedx/xrpldashboard/commit/e03829d58f6c1acdf16b69e3aa168b93f3782586,https://github.com/Enkryptedx/xrpldashboard/commit/e03829d58f6c1acdf16b69e3aa168b93f3782586,versioned upstream repair patch and license inspected; changed Jinja boundary reconstructed locally,Historical localized-boundary repair and negative incremental-yield evidence,2026-10-03
azmcrm,Compile the translation catalogs before running the tests,Marwan Mohamed,2026,,https://github.com/MarwanM404/AZM_crm/commit/326d0f9d0d964eef90ebc33f5303c26a0f24064f,https://github.com/MarwanM404/AZM_crm/commit/326d0f9d0d964eef90ebc33f5303c26a0f24064f,"versioned upstream repair patch and exact message inspected; no repository license identified, so only a minimal message pair is retained",Fourth historical repair; distinguishes valid PO source from missing compiled runtime artifact,2026-10-04
solaarrepo,Solaar: Linux device manager for Logitech devices,{Solaar Contributors},2026,,https://github.com/pwr-Solaar/Solaar/tree/e7304c4c451cc9bb4f206a914844525e67856a28,https://github.com/pwr-Solaar/Solaar/blob/e7304c4c451cc9bb4f206a914844525e67856a28/lib/logitech_receiver/receiver.py,"immutable upstream source, Danish catalog entries, repository metadata, and GPL notice inspected; adapted boundary executed only after analyzer freeze",Post-freeze independent-project holdout for count-conditioned gettext/ngettext flow qualification,2026-10-08
virtmanagerrepo,virt-manager: Desktop tool for managing virtual machines via libvirt,{virt-manager Contributors},2026,,https://github.com/virt-manager/virt-manager/tree/bac5379d085219457a39c5e7c2a5855919d58ef8,https://github.com/virt-manager/virt-manager/blob/bac5379d085219457a39c5e7c2a5855919d58ef8/virtinst/virtinstall.py,"immutable upstream source, Estonian catalog entries, repository metadata, and GPL notice inspected; adapted boundary executed only after analyzer freeze",Post-freeze independent-project holdout for deferred percent-format supplier qualification,2026-10-08
